<T3DataStructure>
	<sheets>
		<sDEF>
			<ROOT>
				<TCEforms>
					<sheetTitle>Function</sheetTitle>
				</TCEforms>
				<type>array</type>
				<el>
					<switchableControllerActions>
						<TCEforms>
							<label>Select function</label>
							<config>
								<type>select</type>
								<items>
									<numIndex index="0">
										<numIndex index="0">Grundlagen</numIndex>
										<numIndex index="1">SysOptions->sysconfig;SysOptions->useroptions</numIndex>
									</numIndex>
									<numIndex index="1">
										<numIndex index="0">Mieter</numIndex>
										<numIndex index="1">Mieter->list;Mieter->edit;Mieter->new;Mieter->create;Mieter->update;Anlass->list;Anlass->edit;Anlass->new;Anlass->create;Anlass->update</numIndex>
									</numIndex>
									<numIndex index="2">
										<numIndex index="0">Anlass</numIndex>
										<numIndex index="1">Anlass->list;Anlass->edit;Anlass->new;Anlass->create;Anlass->update</numIndex>
									</numIndex>
									<numIndex index="3">
										<numIndex index="0">Belegung</numIndex>
										<numIndex index="1">Belegung->list;Belegung->tagesansicht;Belegung->suche;Belegung->antrag;Belegung->edit;Belegung->new;Belegung->create;Belegung->update;Anlass->list;Mieter->list;Mieter->edit;Mieter->new;Mieter->create;Mieter->update;</numIndex>
									</numIndex>
									<numIndex index="4">
										<numIndex index="0">Ausnahme</numIndex>
										<numIndex index="1">Ausnahme->list;Ausnahme->edit;Ausnahme->new;Ausnahme->create;Ausnahme->update</numIndex>
									</numIndex>
									<numIndex index="5">
										<numIndex index="0">Benutzeroptionen</numIndex>
										<numIndex index="1">SysOptions->useroptions;SysOptions->sysconfig;</numIndex>
									</numIndex>
								</items>
							</config>
						</TCEforms>
					</switchableControllerActions>
				</el>
			</ROOT>
		</sDEF>
	</sheets>
</T3DataStructure>