<T3DataStructure>
  <meta>
        <langDisable>1</langDisable>
  </meta>
  <sheets>
    <sDEF>
      <ROOT>
        <TCEforms>
		  <sheetTitle>LLL:EXT:mff_lsb/Resources/Private/Language/locallang.xlf:flexform.title</sheetTitle>
        </TCEforms>
        <type>array</type>
        <el>
	    <switchableControllerActions>
		<TCEforms>
		    <label>LLL:EXT:mff_lsb/Resources/Private/Language/locallang.xlf:flexform.controller_actions.title</label>
		    <config>
			    <type>select</type>
			    <items>
				    <numIndex index="0">
					    <numIndex index="0">LLL:EXT:mff_lsb/Resources/Private/Language/locallang.xlf:flexform.controller_actions.selopt.0</numIndex>
					    <numIndex index="1">TpSurvey->list;TpSurvey->new;TpSurvey->create;TpSurvey->edit;TpSurvey->update;TpSurvey->delete;TpSurvey->printout;
	      TpGroup->new;TpGroup->create;TpGroup->edit;TpGroup->update;TpGroup->delete;
	      TpQuestion->new;TpQuestion->create;TpQuestion->edit;TpQuestion->update;TpQuestion->delete;
	      TpSubquestion->new;TpSubquestion->create;TpSubquestion->edit;TpSubquestion->update;TpSubquestion->delete;
	      Json->show;</numIndex>
				    </numIndex>
				    <numIndex index="1">
					    <numIndex index="0">LLL:EXT:mff_lsb/Resources/Private/Language/locallang.xlf:flexform.controller_actions.selopt.1</numIndex>
					    <numIndex index="1">TpSurvey->printout;Json->show</numIndex>
				    </numIndex>
			    </items>
		    </config>
		</TCEforms>
	    </switchableControllerActions>
	    <external_div>
		<TCEforms>
		    <label>LLL:EXT:mff_lsb/Resources/Private/Language/locallang.xlf:flexform.external_div</label>
		    <config>
			  <type>input</type>
			  <size>30</size>
			  <default></default>
			  <placeholder>templateGroupOptionsInListDiv</placeholder>
		    </config>
		</TCEforms>
	    </external_div>
	</el>
      </ROOT>
    </sDEF>
  </sheets>
</T3DataStructure>
