<T3DataStructure>
  <meta>
        <langDisable>1</langDisable>
  </meta>
  <sheets>
    <sDEF>
      <ROOT>
        <TCEforms>
		  <sheetTitle>LLL:EXT:mff_lsb/Resources/Private/Language/locallang.xml:flexform.title</sheetTitle>
        </TCEforms>
        <type>array</type>
        <el>
	    <adress_source>
		<TCEforms>
		    <label>LLL:EXT:mff_lsb/Resources/Private/Language/locallang.xml:flexform.adress_source</label>
		    <config>
			<type>select</type>
			<items type="array">
			  <numIndex index="0" type="array">
			    <numIndex index="0">LLL:EXT:mff_lsb/Resources/Private/Language/locallang.xml:tx_mfflsb_domain_model_usersurvey.particip_type.selopt.0</numIndex>
			    <numIndex index="1">0</numIndex>
			  </numIndex>
			  <numIndex index="1" type="array">
			    <numIndex index="0">LLL:EXT:mff_lsb/Resources/Private/Language/locallang.xml:tx_mfflsb_domain_model_usersurvey.particip_type.selopt.1</numIndex>
			    <numIndex index="1">1</numIndex>
			  </numIndex>
			</items>   
			<maxitems>1</maxitems>
			<size>1</size>
		    </config>
		</TCEforms>
	    </adress_source>
	    <source_optional>
		<TCEforms>
		    <label>LLL:EXT:mff_lsb/Resources/Private/Language/locallang.xml:flexform.source_optional</label>
		    <config>
			  <type>check</type>
		    </config>
		</TCEforms>
	    </source_optional>
	    <expire_days>
		<TCEforms>
		    <label>LLL:EXT:mff_lsb/Resources/Private/Language/locallang.xml:flexform.expire_days</label>
		    <config>
			<type>select</type>
			<items type="array">
			  <numIndex index="0" type="array">
			    <numIndex index="0">1 Tag</numIndex>
			    <numIndex index="1">1</numIndex>
			  </numIndex>
			  <numIndex index="1" type="array">
			    <numIndex index="0">2 Tage</numIndex>
			    <numIndex index="1">2</numIndex>
			  </numIndex>
			  <numIndex index="2" type="array">
			    <numIndex index="0">5 Tage</numIndex>
			    <numIndex index="1">5</numIndex>
			  </numIndex>
			  <numIndex index="3" type="array">
			    <numIndex index="0">1 Woche</numIndex>
			    <numIndex index="1">7</numIndex>
			  </numIndex>
			  <numIndex index="4" type="array">
			    <numIndex index="0">2 Wochen</numIndex>
			    <numIndex index="1">14</numIndex>
			  </numIndex>
			  <numIndex index="5" type="array">
			    <numIndex index="0">3 Wochen</numIndex>
			    <numIndex index="1">21</numIndex>
			  </numIndex>
			  <numIndex index="6" type="array">
			    <numIndex index="0">4 Wochen</numIndex>
			    <numIndex index="1">28</numIndex>
			  </numIndex>
			  <numIndex index="7" type="array">
			    <numIndex index="0">2 Monate</numIndex>
			    <numIndex index="1">61</numIndex>
			  </numIndex>
			</items>   
			<maxitems>1</maxitems>
			<size>1</size>
		    </config>
		</TCEforms>
	    </expire_days>
	    <elemente>
		<TCEforms>
		    <label>LLL:EXT:mff_lsb/Resources/Private/Language/locallang.xml:flexform.elemente</label>
		    <config>
			<type>select</type>
			<items type="array">
			  <numIndex index="0" type="array">
			    <numIndex index="0">LLL:EXT:mff_lsb/Resources/Private/Language/locallang.xml:flexform.elemente.selopt.0</numIndex>
			    <numIndex index="1">1</numIndex>
			  </numIndex>
			  <numIndex index="1" type="array">
			    <numIndex index="0">LLL:EXT:mff_lsb/Resources/Private/Language/locallang.xml:flexform.elemente.selopt.1</numIndex>
			    <numIndex index="1">2</numIndex>
			  </numIndex>
			  <numIndex index="2" type="array">
			    <numIndex index="0">LLL:EXT:mff_lsb/Resources/Private/Language/locallang.xml:flexform.elemente.selopt.2</numIndex>
			    <numIndex index="1">3</numIndex>
			  </numIndex>
			</items>   
			<maxitems>3</maxitems>
			<size>2</size>
		    </config>
		</TCEforms>
	    </elemente>
	    <default_template>
		<TCEforms>
		    <label>LLL:EXT:mff_lsb/Resources/Private/Language/locallang.xml:flexform.default_template</label>
		    <config>
			<type>select</type>
			<items type="array">
			  <numIndex index="0" type="array">
			    <numIndex index="0">LLL:EXT:mff_lsb/Resources/Private/Language/locallang.xml:flexform.default_template.selopt.0</numIndex>
			    <numIndex index="1">0</numIndex>
			  </numIndex>
			  <numIndex index="1" type="array">
			    <numIndex index="0">LLL:EXT:mff_lsb/Resources/Private/Language/locallang.xml:flexform.default_template.selopt.1</numIndex>
			    <numIndex index="1">1</numIndex>
			  </numIndex>
			  <numIndex index="2" type="array">
			    <numIndex index="0">LLL:EXT:mff_lsb/Resources/Private/Language/locallang.xml:flexform.default_template.selopt.2</numIndex>
			    <numIndex index="1">2</numIndex>
			  </numIndex>
			</items>   
			<maxitems>1</maxitems>
			<size>1</size>
		    </config>
		</TCEforms>
	    </default_template>
	    <selfassessment_while_active>
		<TCEforms>
		    <label>LLL:EXT:mff_lsb/Resources/Private/Language/locallang.xml:flexform.selfassessment_while_active</label>
		    <config>
			  <type>check</type>
		    </config>
		</TCEforms>
	    </selfassessment_while_active>
	</el>
      </ROOT>
    </sDEF>
  </sheets>
</T3DataStructure>