<T3DataStructure>
  <meta>
        <langDisable>1</langDisable>
  </meta>
	<sheets>
		<sDEF>
			<ROOT>
				<TCEforms>
					<sheetTitle>LLL:EXT:mff_lsb/Resources/Private/Language/locallang_db.xlf:tx_mff_lsb_domain_model_remote</sheetTitle>
				</TCEforms>
				<type>array</type>
				<el>
					<settings.startlayout>
					    <TCEforms>
						<label>Start Layout</label>
						<config>
						    <type>select</type>
						    <items type="array">
						      <numIndex index="0" type="array">
							<numIndex index="0">Kursliste</numIndex>
							<numIndex index="1">1</numIndex>
						      </numIndex>
						      <numIndex index="1" type="array">
							<numIndex index="0">Umfrageliste</numIndex>
							<numIndex index="1">2</numIndex>
						      </numIndex>
						    </items>   
						    <maxitems>1</maxitems>
						    <size>1</size>
						</config>
					    </TCEforms>
					</settings.startlayout>
					<settings.fachbereich>
						<TCEforms>
						<label>Fachbereich</label>
							<config>
								<type>group</type>
								<internal_type>db</internal_type>
								<allowed>tx_mffdb_domain_model_fachbereich</allowed>
								<maxitems>10</maxitems>
								<minitems>0</minitems>
								<size>5</size>
							</config>
						</TCEforms>
					</settings.fachbereich>
					<settings.expire_days>
					    <TCEforms>
						<label>LLL:EXT:mff_lsb/Resources/Private/Language/locallang.xml:flexform.expire_days</label>
						<config>
						    <type>select</type>
						    <items type="array">
						      <numIndex index="0" type="array">
							<numIndex index="0">1 Tag</numIndex>
							<numIndex index="1">1</numIndex>
						      </numIndex>
						      <numIndex index="1" type="array">
							<numIndex index="0">1 Woche</numIndex>
							<numIndex index="1">7</numIndex>
						      </numIndex>
						      <numIndex index="2" type="array">
							<numIndex index="0">2 Wochen</numIndex>
							<numIndex index="1">14</numIndex>
						      </numIndex>
						      <numIndex index="3" type="array">
							<numIndex index="0">1 Monat</numIndex>
							<numIndex index="1">31</numIndex>
						      </numIndex>
						      <numIndex index="4" type="array">
							<numIndex index="0">2 monate</numIndex>
							<numIndex index="1">61</numIndex>
						      </numIndex>
						      <numIndex index="5" type="array">
							<numIndex index="0">4 monate</numIndex>
							<numIndex index="1">122</numIndex>
						      </numIndex>
						      <numIndex index="6" type="array">
							<numIndex index="0">6 Monate</numIndex>
							<numIndex index="1">183</numIndex>
						      </numIndex>
						      <numIndex index="7" type="array">
							<numIndex index="0">9 Monate</numIndex>
							<numIndex index="1">275</numIndex>
						      </numIndex>
						    </items>   
						    <maxitems>1</maxitems>
						    <size>1</size>
						</config>
					    </TCEforms>
					</settings.expire_days>
					<settings.remote_days>
					    <TCEforms>
						<label>LLL:EXT:mff_lsb/Resources/Private/Language/locallang.xml:flexform.remote_days</label>
						<config>
						    <type>select</type>
						    <items type="array">
						      <numIndex index="0" type="array">
							<numIndex index="0">1 Woche</numIndex>
							<numIndex index="1">7</numIndex>
						      </numIndex>
						      <numIndex index="1" type="array">
							<numIndex index="0">1 Monat</numIndex>
							<numIndex index="1">31</numIndex>
						      </numIndex>
						      <numIndex index="2" type="array">
							<numIndex index="0">2 Monate</numIndex>
							<numIndex index="1">61</numIndex>
						      </numIndex>
						      <numIndex index="3" type="array">
							<numIndex index="0">3 Monate</numIndex>
							<numIndex index="1">92</numIndex>
						      </numIndex>
						      <numIndex index="4" type="array">
							<numIndex index="0">4 Monate</numIndex>
							<numIndex index="1">122</numIndex>
						      </numIndex>
						      <numIndex index="5" type="array">
							<numIndex index="0">6 Monate</numIndex>
							<numIndex index="1">183</numIndex>
						      </numIndex>
						      <numIndex index="6" type="array">
							<numIndex index="0">9 Monate</numIndex>
							<numIndex index="1">275</numIndex>
						      </numIndex>
						      <numIndex index="7" type="array">
							<numIndex index="0">12 Monate</numIndex>
							<numIndex index="1">366</numIndex>
						      </numIndex>
						    </items>   
						    <maxitems>1</maxitems>
						    <size>1</size>
						</config>
					    </TCEforms>
					</settings.remote_days>
				</el>
			</ROOT>
		</sDEF>
	</sheets>
</T3DataStructure>
