<?xml version="1.0" encoding="utf-8" standalone="yes" ?>
<T3locallang>
	<meta type="array">
		<type>database</type>
		<description>Language labels for database tables/fields belonging to extension 'mff_import'</description>
	</meta>
	<data type="array">
		<languageKey index="default" type="array">
			<label index="tx_mffint_calendar">Kalender</label>
			<label index="tx_mffint_domain_model_calendar">Kalender</label>
			<label index="tx_mffint_domain_model_calendar.ferientext">Text</label>
		</languageKey>
	</data>
</T3locallang>