<T3DataStructure>
  <meta>
        <langDisable>1</langDisable>
  </meta>
	<sheets>
		<sDEF>
			<ROOT>
				<TCEforms>
					<sheetTitle>LLL:EXT:mffrps/Resources/Private/Language/locallang.xlf:tx_mffrps_domain_model_antrag.antrages</sheetTitle>
				</TCEforms>
				<type>array</type>
				<el>
					<settings.zimmer>
						<TCEforms>
						<label>Zimmer</label>
							<config>
								<type>group</type>
								<internal_type>db</internal_type>
								<allowed>tx_mffdb_domain_model_zimmer</allowed>
								<maxitems>10</maxitems>
								<minitems>0</minitems>
								<size>5</size>
							</config>
						</TCEforms>
					</settings.zimmer>
				</el>
			</ROOT>
		</sDEF>
	</sheets>
</T3DataStructure>