<T3DataStructure>
    <sheets>
	<sDEF>
	    <ROOT>
		<TCEforms>
			<sheetTitle>Funktion</sheetTitle>
		</TCEforms>
		<type>array</type>
		<el>
		    <switchableControllerActions>
			<TCEforms>
			    <label>Funktion waehlen</label>
			    <config>
				    <type>select</type>
				    <items>
					    <numIndex index="0">
						    <numIndex index="0">Fachbereiche verwalten</numIndex>
						    <numIndex index="1">Fachbereich->list;Fachbereich->new;Fachbereich->create;Fachbereich->edit;Fachbereich->update;Fachbereich->show;Fachbereich->delete</numIndex>
					    </numIndex>
					    <numIndex index="6">
						    <numIndex index="0">Lehrpersonen</numIndex>
						    <numIndex index="1">TeacherRelation->list;TeacherRelation->edit;TeacherRelation->update</numIndex>
					    </numIndex>
					    <numIndex index="5">
						    <numIndex index="0">Downloads</numIndex>
						    <numIndex index="1">Fachbereich->downloads</numIndex>
					    </numIndex>
					    <numIndex index="7">
						    <numIndex index="0">Maillists</numIndex>
						    <numIndex index="1">Fachbereich->maillists;Fachbereich->downloads</numIndex>
					    </numIndex>
					    <numIndex index="1">
						    <numIndex index="0">Kursregel</numIndex>
						    <numIndex index="1">Kursregel->list;Kursregel->new;Kursregel->create;Kursregel->edit;Kursregel->update;Kursregel->show;Kursregel->delete</numIndex>
					    </numIndex>
					    <numIndex index="2">
						    <numIndex index="0">Kurzklasse</numIndex>
						    <numIndex index="1">Kurzklasse->list;Kurzklasse->edit;Kurzklasse->update</numIndex>
					    </numIndex>
					    <numIndex index="3">
						    <numIndex index="0">CloudQuota</numIndex>
						    <numIndex index="1">Cloudquota->list;Cloudquota->new;Cloudquota->create;Cloudquota->edit;Cloudquota->update;Cloudquota->delete</numIndex>
					    </numIndex>
					    <numIndex index="4">
						    <numIndex index="0">Kalender</numIndex>
						    <numIndex index="1">Kalender->list;Kalender->new;Kalender->create;Kalender->edit;Kalender->update;Kalender->show;Kalender->delete</numIndex>
					    </numIndex>
					    <numIndex index="8">
						    <numIndex index="0">Zimmer</numIndex>
						    <numIndex index="1">Zimmer->list;Zimmer->new;Zimmer->create;Zimmer->edit;Zimmer->update;Zimmer->show;Zimmer->delete</numIndex>
					    </numIndex>
					    <numIndex index="9">
						    <numIndex index="0">Fach</numIndex>
						    <numIndex index="1">Fach->list;Fach->new;Fach->create;Fach->edit;Fach->update;Fach->show;Fach->delete</numIndex>
					    </numIndex>
				    </items>
			    </config>
			</TCEforms>
		    </switchableControllerActions>
		</el>
	    </ROOT>
	</sDEF>
    </sheets>
</T3DataStructure>