"dokument","dataOptions.min_rows:1",,,,
"BODY","Woche ##Ab##((format:W))((f))",,,,
"BODY","Ab ##Ab##((format:t.m.j)) bis ##Bis##((format:t.m.j))",,,,
"geo-DATA",18,18,18,24,94
"DATA_TITLE","Datum((fu))","Zimmer((fu))","Zeit((u))","Mieter((u))","Anlass, Belegung, Telefon, Email((u))"
"DATA_BODY","##Datum##((format:w t.m.j))((f))","##Zimmer##((f))","##Von##-##Bis##","##Mieter##","##Label##((m))"
,,,,,
"geo-GROUP",170,,,,
"groupedby-GROUP_FOOTER","##Datum##","format","N",,
"GROUP_FOOTER","((u))",,,,
,,,,,
"BODY","Ende Wochenliste ##Ab##((format:W))((k))",,,,
,,,,,
"geo-FOOTER",170,"170-c","170-r",,
"FOOTER","Raumplanung Wochenliste erstellt am __DATE__ | __C__ SfGZ",,"__PAGE__ von __PAGES__",,
